seed,success,termination/status,checkpoint,log_path,actions,tactile_changes
1000000,0,early_stop,951b1f2a80230deef1efd326b7c89690bc44adec1a3d195bc34d13df8182e6a3,eval_1000000_1000099/results/log.log,171,170
1000001,0,early_stop,951b1f2a80230deef1efd326b7c89690bc44adec1a3d195bc34d13df8182e6a3,eval_1000000_1000099/results/log.log,195,194
1000002,0,early_stop,951b1f2a80230deef1efd326b7c89690bc44adec1a3d195bc34d13df8182e6a3,eval_1000000_1000099/results/log.log,140,139
1000003,0,early_stop,951b1f2a80230deef1efd326b7c89690bc44adec1a3d195bc34d13df8182e6a3,eval_1000000_1000099/results/log.log,160,159
1000004,1,success,951b1f2a80230deef1efd326b7c89690bc44adec1a3d195bc34d13df8182e6a3,eval_1000000_1000099/results/log.log,188,187
1000005,1,success,951b1f2a80230deef1efd326b7c89690bc44adec1a3d195bc34d13df8182e6a3,eval_1000000_1000099/results/log.log,293,292
1000006,0,early_stop,951b1f2a80230deef1efd326b7c89690bc44adec1a3d195bc34d13df8182e6a3,eval_1000000_1000099/results/log.log,145,144
1000007,0,early_stop,951b1f2a80230deef1efd326b7c89690bc44adec1a3d195bc34d13df8182e6a3,eval_1000000_1000099/results/log.log,206,205
1000008,0,early_stop,951b1f2a80230deef1efd326b7c89690bc44adec1a3d195bc34d13df8182e6a3,eval_1000000_1000099/results/log.log,178,177
1000009,1,success,951b1f2a80230deef1efd326b7c89690bc44adec1a3d195bc34d13df8182e6a3,eval_1000000_1000099/results/log.log,180,179
1000010,0,early_stop,951b1f2a80230deef1efd326b7c89690bc44adec1a3d195bc34d13df8182e6a3,eval_1000000_1000099/results/log.log,171,170
1000011,1,success,951b1f2a80230deef1efd326b7c89690bc44adec1a3d195bc34d13df8182e6a3,eval_1000000_1000099/results/log.log,263,262
1000012,1,success,951b1f2a80230deef1efd326b7c89690bc44adec1a3d195bc34d13df8182e6a3,eval_1000000_1000099/results/log.log,188,187
1000013,1,success,951b1f2a80230deef1efd326b7c89690bc44adec1a3d195bc34d13df8182e6a3,eval_1000000_1000099/results/log.log,178,177
1000014,1,success,951b1f2a80230deef1efd326b7c89690bc44adec1a3d195bc34d13df8182e6a3,eval_1000000_1000099/results/log.log,214,213
1000015,0,timeout,951b1f2a80230deef1efd326b7c89690bc44adec1a3d195bc34d13df8182e6a3,eval_1000000_1000099/results/log.log,300,299
1000016,0,early_stop,951b1f2a80230deef1efd326b7c89690bc44adec1a3d195bc34d13df8182e6a3,eval_1000000_1000099/results/log.log,186,185
1000017,0,early_stop,951b1f2a80230deef1efd326b7c89690bc44adec1a3d195bc34d13df8182e6a3,eval_1000000_1000099/results/log.log,176,175
1000018,1,success,951b1f2a80230deef1efd326b7c89690bc44adec1a3d195bc34d13df8182e6a3,eval_1000000_1000099/results/log.log,234,233
1000019,1,success,951b1f2a80230deef1efd326b7c89690bc44adec1a3d195bc34d13df8182e6a3,eval_1000000_1000099/results/log.log,236,235
1000020,1,success,951b1f2a80230deef1efd326b7c89690bc44adec1a3d195bc34d13df8182e6a3,eval_1000000_1000099/results/log.log,265,264
1000021,0,early_stop,951b1f2a80230deef1efd326b7c89690bc44adec1a3d195bc34d13df8182e6a3,eval_1000000_1000099/results/log.log,209,208
1000022,0,early_stop,951b1f2a80230deef1efd326b7c89690bc44adec1a3d195bc34d13df8182e6a3,eval_1000000_1000099/results/log.log,199,198
1000023,0,early_stop,951b1f2a80230deef1efd326b7c89690bc44adec1a3d195bc34d13df8182e6a3,eval_1000000_1000099/results/log.log,155,154
1000024,0,early_stop,951b1f2a80230deef1efd326b7c89690bc44adec1a3d195bc34d13df8182e6a3,eval_1000000_1000099/results/log.log,205,204
1000025,0,early_stop,951b1f2a80230deef1efd326b7c89690bc44adec1a3d195bc34d13df8182e6a3,eval_1000000_1000099/results/log.log,207,206
1000026,0,early_stop,951b1f2a80230deef1efd326b7c89690bc44adec1a3d195bc34d13df8182e6a3,eval_1000000_1000099/results/log.log,199,198
1000027,0,early_stop,951b1f2a80230deef1efd326b7c89690bc44adec1a3d195bc34d13df8182e6a3,eval_1000000_1000099/results/log.log,227,226
1000028,0,early_stop,951b1f2a80230deef1efd326b7c89690bc44adec1a3d195bc34d13df8182e6a3,eval_1000000_1000099/results/log.log,211,210
1000029,0,early_stop,951b1f2a80230deef1efd326b7c89690bc44adec1a3d195bc34d13df8182e6a3,eval_1000000_1000099/results/log.log,174,173
1000030,0,early_stop,951b1f2a80230deef1efd326b7c89690bc44adec1a3d195bc34d13df8182e6a3,eval_1000000_1000099/results/log.log,196,195
1000031,0,early_stop,951b1f2a80230deef1efd326b7c89690bc44adec1a3d195bc34d13df8182e6a3,eval_1000000_1000099/results/log.log,201,200
1000032,0,early_stop,951b1f2a80230deef1efd326b7c89690bc44adec1a3d195bc34d13df8182e6a3,eval_1000000_1000099/results/log.log,227,226
1000033,1,success,951b1f2a80230deef1efd326b7c89690bc44adec1a3d195bc34d13df8182e6a3,eval_1000000_1000099/results/log.log,261,260
1000034,0,early_stop,951b1f2a80230deef1efd326b7c89690bc44adec1a3d195bc34d13df8182e6a3,eval_1000000_1000099/results/log.log,168,167
1000035,0,early_stop,951b1f2a80230deef1efd326b7c89690bc44adec1a3d195bc34d13df8182e6a3,eval_1000000_1000099/results/log.log,201,200
1000036,0,early_stop,951b1f2a80230deef1efd326b7c89690bc44adec1a3d195bc34d13df8182e6a3,eval_1000000_1000099/results/log.log,236,235
1000037,0,early_stop,951b1f2a80230deef1efd326b7c89690bc44adec1a3d195bc34d13df8182e6a3,eval_1000000_1000099/results/log.log,99,98
1000038,1,success,951b1f2a80230deef1efd326b7c89690bc44adec1a3d195bc34d13df8182e6a3,eval_1000000_1000099/results/log.log,222,221
1000039,1,success,951b1f2a80230deef1efd326b7c89690bc44adec1a3d195bc34d13df8182e6a3,eval_1000000_1000099/results/log.log,191,190
1000040,0,early_stop,951b1f2a80230deef1efd326b7c89690bc44adec1a3d195bc34d13df8182e6a3,eval_1000000_1000099/results/log.log,185,184
1000041,0,early_stop,951b1f2a80230deef1efd326b7c89690bc44adec1a3d195bc34d13df8182e6a3,eval_1000000_1000099/results/log.log,207,206
1000042,0,early_stop,951b1f2a80230deef1efd326b7c89690bc44adec1a3d195bc34d13df8182e6a3,eval_1000000_1000099/results/log.log,267,266
1000043,1,success,951b1f2a80230deef1efd326b7c89690bc44adec1a3d195bc34d13df8182e6a3,eval_1000000_1000099/results/log.log,186,185
1000044,1,success,951b1f2a80230deef1efd326b7c89690bc44adec1a3d195bc34d13df8182e6a3,eval_1000000_1000099/results/log.log,190,189
1000045,0,early_stop,951b1f2a80230deef1efd326b7c89690bc44adec1a3d195bc34d13df8182e6a3,eval_1000000_1000099/results/log.log,214,213
1000046,0,early_stop,951b1f2a80230deef1efd326b7c89690bc44adec1a3d195bc34d13df8182e6a3,eval_1000000_1000099/results/log.log,169,168
1000047,1,success,951b1f2a80230deef1efd326b7c89690bc44adec1a3d195bc34d13df8182e6a3,eval_1000000_1000099/results/log.log,173,172
1000048,0,early_stop,951b1f2a80230deef1efd326b7c89690bc44adec1a3d195bc34d13df8182e6a3,eval_1000000_1000099/results/log.log,295,294
1000049,0,timeout,951b1f2a80230deef1efd326b7c89690bc44adec1a3d195bc34d13df8182e6a3,eval_1000000_1000099/results/log.log,300,299
1000050,1,success,951b1f2a80230deef1efd326b7c89690bc44adec1a3d195bc34d13df8182e6a3,eval_1000000_1000099/results/log.log,181,180
1000051,0,early_stop,951b1f2a80230deef1efd326b7c89690bc44adec1a3d195bc34d13df8182e6a3,eval_1000000_1000099/results/log.log,136,135
1000052,0,early_stop,951b1f2a80230deef1efd326b7c89690bc44adec1a3d195bc34d13df8182e6a3,eval_1000000_1000099/results/log.log,206,205
1000053,1,success,951b1f2a80230deef1efd326b7c89690bc44adec1a3d195bc34d13df8182e6a3,eval_1000000_1000099/results/log.log,255,254
1000054,1,success,951b1f2a80230deef1efd326b7c89690bc44adec1a3d195bc34d13df8182e6a3,eval_1000000_1000099/results/log.log,216,215
1000055,1,success,951b1f2a80230deef1efd326b7c89690bc44adec1a3d195bc34d13df8182e6a3,eval_1000000_1000099/results/log.log,204,203
1000056,0,early_stop,951b1f2a80230deef1efd326b7c89690bc44adec1a3d195bc34d13df8182e6a3,eval_1000000_1000099/results/log.log,188,187
1000057,1,success,951b1f2a80230deef1efd326b7c89690bc44adec1a3d195bc34d13df8182e6a3,eval_1000000_1000099/results/log.log,208,207
1000058,1,success,951b1f2a80230deef1efd326b7c89690bc44adec1a3d195bc34d13df8182e6a3,eval_1000000_1000099/results/log.log,203,202
1000059,0,early_stop,951b1f2a80230deef1efd326b7c89690bc44adec1a3d195bc34d13df8182e6a3,eval_1000000_1000099/results/log.log,192,191
1000060,1,success,951b1f2a80230deef1efd326b7c89690bc44adec1a3d195bc34d13df8182e6a3,eval_1000000_1000099/results/log.log,213,212
1000061,0,early_stop,951b1f2a80230deef1efd326b7c89690bc44adec1a3d195bc34d13df8182e6a3,eval_1000000_1000099/results/log.log,172,171
1000062,1,success,951b1f2a80230deef1efd326b7c89690bc44adec1a3d195bc34d13df8182e6a3,eval_1000000_1000099/results/log.log,269,268
1000063,0,early_stop,951b1f2a80230deef1efd326b7c89690bc44adec1a3d195bc34d13df8182e6a3,eval_1000000_1000099/results/log.log,132,131
1000064,0,early_stop,951b1f2a80230deef1efd326b7c89690bc44adec1a3d195bc34d13df8182e6a3,eval_1000000_1000099/results/log.log,194,193
1000065,0,early_stop,951b1f2a80230deef1efd326b7c89690bc44adec1a3d195bc34d13df8182e6a3,eval_1000000_1000099/results/log.log,161,160
1000066,1,success,951b1f2a80230deef1efd326b7c89690bc44adec1a3d195bc34d13df8182e6a3,eval_1000000_1000099/results/log.log,197,196
1000067,1,success,951b1f2a80230deef1efd326b7c89690bc44adec1a3d195bc34d13df8182e6a3,eval_1000000_1000099/results/log.log,228,227
1000068,0,early_stop,951b1f2a80230deef1efd326b7c89690bc44adec1a3d195bc34d13df8182e6a3,eval_1000000_1000099/results/log.log,182,181
1000069,1,success,951b1f2a80230deef1efd326b7c89690bc44adec1a3d195bc34d13df8182e6a3,eval_1000000_1000099/results/log.log,241,240
1000070,0,early_stop,951b1f2a80230deef1efd326b7c89690bc44adec1a3d195bc34d13df8182e6a3,eval_1000000_1000099/results/log.log,153,152
1000071,1,success,951b1f2a80230deef1efd326b7c89690bc44adec1a3d195bc34d13df8182e6a3,eval_1000000_1000099/results/log.log,185,184
1000072,1,success,951b1f2a80230deef1efd326b7c89690bc44adec1a3d195bc34d13df8182e6a3,eval_1000000_1000099/results/log.log,255,254
1000073,0,early_stop,951b1f2a80230deef1efd326b7c89690bc44adec1a3d195bc34d13df8182e6a3,eval_1000000_1000099/results/log.log,211,210
1000074,0,early_stop,951b1f2a80230deef1efd326b7c89690bc44adec1a3d195bc34d13df8182e6a3,eval_1000000_1000099/results/log.log,213,212
1000075,0,early_stop,951b1f2a80230deef1efd326b7c89690bc44adec1a3d195bc34d13df8182e6a3,eval_1000000_1000099/results/log.log,227,226
1000076,1,success,951b1f2a80230deef1efd326b7c89690bc44adec1a3d195bc34d13df8182e6a3,eval_1000000_1000099/results/log.log,191,190
1000077,0,early_stop,951b1f2a80230deef1efd326b7c89690bc44adec1a3d195bc34d13df8182e6a3,eval_1000000_1000099/results/log.log,151,150
1000078,0,early_stop,951b1f2a80230deef1efd326b7c89690bc44adec1a3d195bc34d13df8182e6a3,eval_1000000_1000099/results/log.log,162,161
1000079,0,early_stop,951b1f2a80230deef1efd326b7c89690bc44adec1a3d195bc34d13df8182e6a3,eval_1000000_1000099/results/log.log,202,201
1000080,0,early_stop,951b1f2a80230deef1efd326b7c89690bc44adec1a3d195bc34d13df8182e6a3,eval_1000000_1000099/results/log.log,208,207
1000081,0,timeout,951b1f2a80230deef1efd326b7c89690bc44adec1a3d195bc34d13df8182e6a3,eval_1000000_1000099/results/log.log,300,299
1000082,0,early_stop,951b1f2a80230deef1efd326b7c89690bc44adec1a3d195bc34d13df8182e6a3,eval_1000000_1000099/results/log.log,228,227
1000083,0,early_stop,951b1f2a80230deef1efd326b7c89690bc44adec1a3d195bc34d13df8182e6a3,eval_1000000_1000099/results/log.log,156,155
1000084,0,early_stop,951b1f2a80230deef1efd326b7c89690bc44adec1a3d195bc34d13df8182e6a3,eval_1000000_1000099/results/log.log,217,216
1000085,0,early_stop,951b1f2a80230deef1efd326b7c89690bc44adec1a3d195bc34d13df8182e6a3,eval_1000000_1000099/results/log.log,235,234
1000086,0,early_stop,951b1f2a80230deef1efd326b7c89690bc44adec1a3d195bc34d13df8182e6a3,eval_1000000_1000099/results/log.log,186,185
1000087,1,success,951b1f2a80230deef1efd326b7c89690bc44adec1a3d195bc34d13df8182e6a3,eval_1000000_1000099/results/log.log,138,137
1000088,0,early_stop,951b1f2a80230deef1efd326b7c89690bc44adec1a3d195bc34d13df8182e6a3,eval_1000000_1000099/results/log.log,152,151
1000089,0,early_stop,951b1f2a80230deef1efd326b7c89690bc44adec1a3d195bc34d13df8182e6a3,eval_1000000_1000099/results/log.log,207,206
1000090,0,early_stop,951b1f2a80230deef1efd326b7c89690bc44adec1a3d195bc34d13df8182e6a3,eval_1000000_1000099/results/log.log,137,136
1000091,1,success,951b1f2a80230deef1efd326b7c89690bc44adec1a3d195bc34d13df8182e6a3,eval_1000000_1000099/results/log.log,187,186
1000092,1,success,951b1f2a80230deef1efd326b7c89690bc44adec1a3d195bc34d13df8182e6a3,eval_1000000_1000099/results/log.log,266,265
1000093,1,success,951b1f2a80230deef1efd326b7c89690bc44adec1a3d195bc34d13df8182e6a3,eval_1000000_1000099/results/log.log,134,133
1000094,1,success,951b1f2a80230deef1efd326b7c89690bc44adec1a3d195bc34d13df8182e6a3,eval_1000000_1000099/results/log.log,263,262
1000095,0,timeout,951b1f2a80230deef1efd326b7c89690bc44adec1a3d195bc34d13df8182e6a3,eval_1000000_1000099/results/log.log,300,299
1000096,0,early_stop,951b1f2a80230deef1efd326b7c89690bc44adec1a3d195bc34d13df8182e6a3,eval_1000000_1000099/results/log.log,240,239
1000097,0,early_stop,951b1f2a80230deef1efd326b7c89690bc44adec1a3d195bc34d13df8182e6a3,eval_1000000_1000099/results/log.log,164,163
1000098,0,early_stop,951b1f2a80230deef1efd326b7c89690bc44adec1a3d195bc34d13df8182e6a3,eval_1000000_1000099/results/log.log,213,212
1000099,1,success,951b1f2a80230deef1efd326b7c89690bc44adec1a3d195bc34d13df8182e6a3,eval_1000000_1000099/results/log.log,203,202
